{"cameraMode":{"drawMode":0,"name":"Shaded","section":"Shading Mode"},"sceneLighting":true,"audioPlay":false,"sceneViewState":{"m_AlwaysRefresh":false,"showFog":true,"showSkybox":true,"showFlares":true,"showImageEffects":true,"showParticleSystems":true,"showVisualEffectGraphs":true,"m_FxEnabled":true},"in2DMode":false,"pivot":{"x":113.45818328857422,"y":71.60345458984375,"z":-8.671722412109375},"rotation":{"x":0.5084147453308106,"y":-0.04902803897857666,"z":0.02901720628142357,"w":0.8592178821563721},"size":349.37921142578127,"orthographic":false}